"35278","5","3","2","1","40.00","40.00","1.00","2018-11-24 21:58:39","2018-11-24 21:58:39"
"35279","5","10","3","2","41.00","40.00","0.90","2018-11-24 21:58:39","2018-11-24 21:58:39"
"35280","5","18","1","3","41.90","40.00","1.19","2018-11-24 21:58:39","2018-11-24 21:58:39"
"35281","11","12","5","1","40.00","40.00","1.50","2018-11-24 21:58:39","2018-11-24 21:58:39"
"35282","1","11","2","1","40.00","41.50","1.15","2018-11-24 21:58:39","2018-11-24 21:58:39"
"35283","2","1","2","1","40.00","41.15","1.12","2018-11-24 21:58:39","2018-11-24 21:58:39"
"35284","11","2","1","0","40.35","41.12","1.08","2018-11-24 21:58:39","2018-11-24 21:58:39"
"35285","11","8","3","1","41.43","40.00","0.86","2018-11-24 21:58:39","2018-11-24 21:58:39"
"35286","3","4","3","0","39.00","40.00","1.65","2018-11-24 21:58:39","2018-11-24 21:58:39"
"35287","3","4","0","3","40.65","38.35","1.84","2018-11-24 21:58:39","2018-11-24 21:58:39"
"35288","3","4","3","3","38.80","40.20","0.14","2018-11-24 21:58:39","2018-11-24 21:58:39"
"35289","3","4","1","3","38.94","40.06","0.89","2018-11-24 21:58:39","2018-11-24 21:58:39"
"35290","3","11","2","1","38.05","42.29","1.42","2018-11-24 21:58:39","2018-11-24 21:58:39"
"35291","1","2","3","0","40.03","40.04","1.50","2018-11-24 21:58:39","2018-11-24 21:58:39"
"35292","1","2","3","0","41.53","38.54","1.05","2018-11-24 21:58:39","2018-11-24 21:58:39"
"35293","1","2","4","2","42.58","37.49","0.49","2018-11-24 21:58:39","2018-11-24 21:58:39"
"35294","1","2","2","1","43.07","37.00","0.39","2018-11-24 21:58:39","2018-11-24 21:58:39"
"35295","1","2","3","0","43.46","36.61","0.47","2018-11-24 21:58:39","2018-11-24 21:58:39"
"35296","2","1","1","0","36.14","43.93","1.78","2018-11-24 21:58:39","2018-11-24 21:58:39"
"35297","8","4","2","1","39.14","40.95","1.18","2018-11-24 21:58:39","2018-11-24 21:58:39"
"35298","8","4","1","2","40.32","39.77","1.05","2018-11-24 21:58:39","2018-11-24 21:58:39"
"35299","8","4","0","1","39.27","40.83","0.84","2018-11-24 21:58:39","2018-11-24 21:58:39"
"35300","10","12","3","3","39.10","38.50","0.06","2018-11-24 21:58:39","2018-11-24 21:58:39"
"35301","10","15","4","1","39.04","40.00","1.64","2018-11-24 21:58:39","2018-11-24 21:58:39"
"35302","10","11","4","1","40.68","40.87","1.53","2018-11-24 21:58:39","2018-11-24 21:58:39"
"35303","11","10","4","3","39.34","42.21","1.29","2018-11-24 21:58:39","2018-11-24 21:58:39"
"35304","10","11","2","0","40.92","40.63","0.97","2018-11-24 21:58:39","2018-11-24 21:58:39"
"35305","11","13","2","1","39.66","40.00","1.03","2018-11-24 21:58:39","2018-11-24 21:58:39"
"35306","3","2","4","4","39.47","37.92","0.16","2018-11-24 21:58:39","2018-11-24 21:58:39"
"35307","2","6","2","0","38.08","40.00","1.19","2018-11-24 21:58:39","2018-11-24 21:58:39"
"35308","5","2","2","0","40.71","39.27","0.86","2018-11-24 21:58:39","2018-11-24 21:58:39"
"35309","5","6","1","0","41.57","38.81","0.72","2018-11-24 21:58:39","2018-11-24 21:58:39"
"35310","5","6","1","4","42.29","38.09","2.13","2018-11-24 21:58:39","2018-11-24 21:58:39"
"35311","6","4","1","0","40.22","41.67","1.15","2018-11-24 21:58:39","2018-11-24 21:58:39"
"35312","6","8","1","0","41.37","38.43","0.71","2018-11-24 21:58:39","2018-11-24 21:58:39"
"35313","6","4","0","3","42.08","40.52","1.73","2018-11-24 21:58:39","2018-11-24 21:58:39"
"35314","4","8","1","2","42.25","37.72","1.45","2018-11-24 21:58:39","2018-11-24 21:58:39"
"35315","8","3","1","0","39.17","39.31","1.01","2018-11-24 21:58:39","2018-11-24 21:58:39"
"35316","8","6","2","3","40.18","40.35","0.98","2018-11-24 21:58:39","2018-11-24 21:58:39"
"35317","8","4","0","1","39.20","40.80","0.84","2018-11-24 21:58:39","2018-11-24 21:58:39"
"35318","11","13","2","1","40.69","38.97","0.83","2018-11-24 21:58:39","2018-11-24 21:58:39"
"35319","11","18","1","0","41.52","41.19","0.97","2018-11-24 21:58:39","2018-11-24 21:58:39"
"35320","2","1","2","1","38.41","42.15","1.37","2018-11-24 21:58:39","2018-11-24 21:58:39"
"35321","2","9","2","1","39.78","40.00","1.02","2018-11-24 21:58:39","2018-11-24 21:58:39"
"35322","2","12","4","0","40.80","38.56","1.16","2018-11-24 21:58:39","2018-11-24 21:58:39"
"35323","11","1","3","2","42.49","40.78","0.83","2018-11-24 21:58:39","2018-11-24 21:58:39"
"35324","1","11","2","0","39.95","43.32","1.34","2018-11-24 21:58:39","2018-11-24 21:58:39"
"35325","2","5","3","2","41.96","40.16","0.82","2018-11-24 21:58:39","2018-11-24 21:58:39"
"35326","2","9","3","0","42.78","38.98","0.93","2018-11-24 21:58:39","2018-11-24 21:58:39"
"35327","2","4","1","0","43.71","41.64","0.79","2018-11-24 21:58:39","2018-11-24 21:58:39"
"35328","2","4","3","2","44.50","40.85","0.63","2018-11-24 21:58:39","2018-11-24 21:58:39"
"35329","2","4","2","3","45.13","40.22","1.49","2018-11-24 21:58:39","2018-11-24 21:58:39"
"35330","4","17","1","0","41.71","40.00","0.83","2018-11-24 21:58:39","2018-11-24 21:58:39"
"35331","8","4","6","1","38.36","42.54","2.13","2018-11-24 21:58:39","2018-11-24 21:58:39"
"35332","6","8","3","2","41.33","40.49","0.92","2018-11-24 21:58:39","2018-11-24 21:58:39"
"35333","6","2","1","2","42.25","43.64","0.86","2018-11-24 21:58:39","2018-11-24 21:58:39"
"35334","2","17","0","2","44.50","39.17","1.53","2018-11-24 21:58:39","2018-11-24 21:58:39"
"35335","17","12","3","3","40.70","37.40","0.33","2018-11-24 21:58:39","2018-11-24 21:58:39"
"35336","3","12","2","1","38.30","37.73","0.94","2018-11-24 21:58:39","2018-11-24 21:58:39"
"35337","3","17","2","0","39.24","40.37","1.11","2018-11-24 21:58:39","2018-11-24 21:58:39"
"35338","2","8","3","1","42.97","39.57","0.66","2018-11-24 21:58:39","2018-11-24 21:58:39"
"35339","4","8","2","2","40.41","38.91","0.15","2018-11-24 21:58:39","2018-11-24 21:58:39"
"35340","4","8","1","0","40.26","39.06","0.88","2018-11-24 21:58:39","2018-11-24 21:58:39"
"35341","10","4","3","2","41.89","41.14","0.92","2018-11-24 21:58:39","2018-11-24 21:58:39"
"35342","1","2","1","1","41.29","43.63","0.23","2018-11-24 21:58:39","2018-11-24 21:58:39"
"35343","1","2","0","2","41.52","43.40","0.81","2018-11-24 21:58:39","2018-11-24 21:58:39"
"35344","4","8","2","2","40.22","38.18","0.20","2018-11-24 21:58:39","2018-11-24 21:58:39"
"35345","4","1","0","1","40.02","40.71","0.93","2018-11-24 21:58:40","2018-11-24 21:58:40"
"35346","5","1","1","2","39.34","41.64","0.77","2018-11-24 21:58:40","2018-11-24 21:58:40"
"35347","1","8","2","1","42.41","38.38","0.60","2018-11-24 21:58:40","2018-11-24 21:58:40"
"35348","1","4","1","1","43.01","39.09","0.39","2018-11-24 21:58:40","2018-11-24 21:58:40"
"35349","5","4","2","2","38.57","39.48","0.09","2018-11-24 21:58:40","2018-11-24 21:58:40"
"35350","5","4","0","1","38.66","39.39","0.93","2018-11-24 21:58:40","2018-11-24 21:58:40"
"35351","5","4","2","1","37.73","40.32","1.26","2018-11-24 21:58:40","2018-11-24 21:58:40"
"35352","5","4","3","2","38.99","39.06","1.01","2018-11-24 21:58:40","2018-11-24 21:58:40"
"35353","8","1","2","1","37.78","42.62","1.48","2018-11-24 21:58:40","2018-11-24 21:58:40"
"35354","6","10","1","0","41.39","42.81","1.14","2018-11-24 21:58:40","2018-11-24 21:58:40"
"35355","4","6","1","1","38.05","42.53","0.45","2018-11-24 21:58:40","2018-11-24 21:58:40"
"35356","2","4","1","2","44.21","38.50","1.57","2018-11-24 21:58:40","2018-11-24 21:58:40"
"35357","4","11","0","2","40.07","41.98","0.81","2018-11-24 21:58:40","2018-11-24 21:58:40"
"35358","6","11","2","3","42.08","42.79","0.93","2018-11-24 21:58:40","2018-11-24 21:58:40"
"35359","2","11","3","0","42.64","43.72","1.66","2018-11-24 21:58:40","2018-11-24 21:58:40"
"35360","2","1","2","1","44.30","41.14","0.68","2018-11-24 21:58:40","2018-11-24 21:58:40"
"35361","9","4","3","2","38.05","39.26","1.12","2018-11-24 21:58:40","2018-11-24 21:58:40"
"35362","4","9","2","1","38.14","39.17","1.10","2018-11-24 21:58:40","2018-11-24 21:58:40"
"35363","4","9","1","0","39.24","38.07","0.88","2018-11-24 21:58:40","2018-11-24 21:58:40"
"35364","4","6","2","1","40.12","41.15","1.10","2018-11-24 21:58:40","2018-11-24 21:58:40"
"35365","4","5","2","1","41.22","40.00","0.88","2018-11-24 21:58:40","2018-11-24 21:58:40"
"35366","2","1","2","1","44.98","40.46","0.55","2018-11-24 21:58:40","2018-11-24 21:58:40"
"35367","11","10","2","0","42.06","41.67","0.96","2018-11-24 21:58:40","2018-11-24 21:58:40"
"35368","11","6","2","0","43.02","40.05","0.70","2018-11-24 21:58:40","2018-11-24 21:58:40"
"35369","10","11","2","0","40.71","43.72","1.30","2018-11-24 21:58:40","2018-11-24 21:58:40"
"35370","9","4","2","1","37.19","42.10","1.49","2018-11-24 21:58:40","2018-11-24 21:58:40"
"35371","4","10","5","3","40.61","42.01","1.14","2018-11-24 21:58:40","2018-11-24 21:58:40"
"35372","10","4","1","0","40.87","41.75","1.09","2018-11-24 21:58:40","2018-11-24 21:58:40"
"35373","10","1","2","2","41.96","39.91","0.20","2018-11-24 21:58:40","2018-11-24 21:58:40"
"35374","4","6","3","2","40.66","39.35","0.87","2018-11-24 21:58:40","2018-11-24 21:58:40"
"35375","4","6","2","1","41.53","38.48","0.70","2018-11-24 21:58:40","2018-11-24 21:58:40"
"35376","4","6","1","2","42.23","37.78","1.45","2018-11-24 21:58:40","2018-11-24 21:58:40"
"35377","4","6","3","2","40.78","39.23","0.84","2018-11-24 21:58:40","2018-11-24 21:58:40"
"35378","1","6","2","1","40.11","38.38","0.83","2018-11-24 21:58:40","2018-11-24 21:58:40"
"35379","1","6","1","2","40.94","37.55","1.34","2018-11-24 21:58:40","2018-11-24 21:58:40"
"35380","1","6","4","3","39.60","38.89","0.93","2018-11-24 21:58:40","2018-11-24 21:58:40"
"35381","1","2","2","0","40.53","45.53","1.50","2018-11-24 21:58:40","2018-11-24 21:58:40"
"35382","1","2","2","1","42.03","44.03","1.20","2018-11-24 21:58:40","2018-11-24 21:58:40"
"35383","1","2","2","0","43.23","42.83","0.96","2018-11-24 21:58:40","2018-11-24 21:58:40"
"35384","1","2","2","1","44.19","41.87","0.77","2018-11-24 21:58:40","2018-11-24 21:58:40"
"35385","1","2","2","1","44.96","41.10","0.61","2018-11-24 21:58:40","2018-11-24 21:58:40"
"35386","1","9","2","1","45.57","38.68","0.31","2018-11-24 21:58:40","2018-11-24 21:58:40"
"35387","4","5","2","0","41.62","39.12","0.75","2018-11-24 21:58:40","2018-11-24 21:58:40"
"35388","5","8","1","1","38.37","39.26","0.09","2018-11-24 21:58:40","2018-11-24 21:58:40"
"35389","8","17","3","1","39.17","39.26","1.01","2018-11-24 21:58:40","2018-11-24 21:58:40"
"35390","1","2","1","2","45.88","40.49","1.54","2018-11-24 21:58:40","2018-11-24 21:58:40"
"35391","2","12","4","2","42.03","36.79","0.48","2018-11-24 21:58:40","2018-11-24 21:58:40"
"35392","1","6","2","1","44.34","37.96","0.36","2018-11-24 21:58:40","2018-11-24 21:58:40"
"35393","1","15","3","0","44.70","38.36","0.55","2018-11-24 21:58:40","2018-11-24 21:58:40"
"35394","1","2","0","0","45.25","42.51","0.27","2018-11-24 21:58:40","2018-11-24 21:58:40"
"35395","1","2","1","2","44.98","42.78","1.22","2018-11-24 21:58:40","2018-11-24 21:58:40"
"35396","4","2","2","1","42.37","44.00","1.16","2018-11-24 21:58:40","2018-11-24 21:58:40"
"35397","4","6","0","2","43.53","37.60","1.59","2018-11-24 21:58:40","2018-11-24 21:58:40"
"35398","6","17","2","1","39.19","38.25","0.91","2018-11-24 21:58:40","2018-11-24 21:58:40"
"35399","6","9","2","1","40.10","38.37","0.83","2018-11-24 21:58:40","2018-11-24 21:58:40"
"35400","6","2","3","2","40.93","42.84","1.19","2018-11-24 21:58:40","2018-11-24 21:58:40"
"35401","1","6","1","3","43.76","42.12","1.16","2018-11-24 21:58:40","2018-11-24 21:58:40"
"35402","6","4","4","2","43.28","41.94","0.87","2018-11-24 21:58:40","2018-11-24 21:58:40"
"35403","1","6","4","2","42.60","44.15","1.16","2018-11-24 21:58:40","2018-11-24 21:58:40"
"35404","4","5","2","1","41.07","38.46","0.74","2018-11-24 21:58:40","2018-11-24 21:58:40"
"35405","1","8","4","0","43.76","40.18","0.96","2018-11-24 21:58:40","2018-11-24 21:58:40"
"35406","1","4","2","1","44.72","41.81","0.71","2018-11-24 21:58:40","2018-11-24 21:58:40"
"35407","1","6","1","2","45.43","42.99","1.24","2018-11-24 21:58:40","2018-11-24 21:58:40"
"35408","4","6","1","2","41.10","44.23","0.69","2018-11-24 21:58:40","2018-11-24 21:58:40"
"35409","1","6","1","1","44.19","44.92","0.07","2018-11-24 21:58:40","2018-11-24 21:58:40"
"35410","1","6","2","1","44.26","44.85","1.06","2018-11-24 21:58:40","2018-11-24 21:58:40"
"35411","6","5","2","1","43.79","37.72","0.39","2018-11-24 21:58:40","2018-11-24 21:58:40"
"35412","6","5","2","0","44.18","37.33","0.31","2018-11-24 21:58:40","2018-11-24 21:58:40"
"35413","6","5","2","0","44.49","37.02","0.25","2018-11-24 21:58:40","2018-11-24 21:58:40"
"35414","4","6","2","1","40.41","44.74","1.43","2018-11-24 21:58:40","2018-11-24 21:58:40"
"35415","4","6","1","0","41.84","43.31","1.15","2018-11-24 21:58:40","2018-11-24 21:58:40"
"35416","6","4","3","1","42.16","42.99","1.08","2018-11-24 21:58:40","2018-11-24 21:58:40"
"35417","1","4","2","1","45.32","41.91","0.66","2018-11-24 21:58:40","2018-11-24 21:58:40"
"35418","1","4","1","1","45.98","41.25","0.47","2018-11-24 21:58:40","2018-11-24 21:58:40"
"35419","1","4","4","0","45.51","41.72","0.93","2018-11-24 21:58:40","2018-11-24 21:58:40"
"35420","1","4","0","4","46.44","40.79","2.35","2018-11-24 21:58:40","2018-11-24 21:58:40"
"35421","2","9","4","1","41.65","37.54","0.88","2018-11-24 21:58:40","2018-11-24 21:58:40"
"35422","2","6","2","1","42.53","43.24","1.07","2018-11-24 21:58:40","2018-11-24 21:58:40"
"35423","2","11","2","1","43.60","42.42","0.88","2018-11-24 21:58:40","2018-11-24 21:58:40"
"35424","2","3","1","0","44.48","40.35","0.59","2018-11-24 21:58:40","2018-11-24 21:58:40"
"35425","3","11","4","3","39.76","41.54","1.18","2018-11-24 21:58:40","2018-11-24 21:58:40"
"35426","3","11","3","0","40.94","40.36","1.41","2018-11-24 21:58:40","2018-11-24 21:58:40"
"35427","3","11","0","1","42.35","38.95","1.34","2018-11-24 21:58:40","2018-11-24 21:58:40"
"35428","4","8","1","0","43.14","39.22","0.61","2018-11-24 21:58:40","2018-11-24 21:58:40"
"35429","4","8","1","0","43.75","38.61","0.49","2018-11-24 21:58:40","2018-11-24 21:58:40"
"35430","4","8","1","1","44.24","38.12","0.61","2018-11-24 21:58:40","2018-11-24 21:58:40"
"35431","8","4","0","0","38.73","43.63","0.49","2018-11-24 21:58:40","2018-11-24 21:58:40"
"35432","1","2","3","2","44.09","45.07","1.10","2018-11-24 21:58:40","2018-11-24 21:58:40"
"35433","1","2","2","0","45.19","43.97","0.88","2018-11-24 21:58:40","2018-11-24 21:58:40"
"35434","1","3","2","1","46.07","41.01","0.49","2018-11-24 21:58:40","2018-11-24 21:58:40"
"35435","1","10","3","1","46.56","41.76","0.52","2018-11-24 21:58:40","2018-11-24 21:58:40"
"35436","1","11","1","2","47.08","40.29","1.68","2018-11-24 21:58:40","2018-11-24 21:58:40"
"35437","10","11","5","2","41.24","41.97","1.61","2018-11-24 21:58:40","2018-11-24 21:58:40"
"35438","2","10","3","2","43.09","42.85","0.98","2018-11-24 21:58:40","2018-11-24 21:58:40"
"35439","11","12","2","1","40.36","36.31","0.59","2018-11-24 21:58:40","2018-11-24 21:58:40"
"35440","6","11","1","2","42.17","40.95","1.12","2018-11-24 21:58:40","2018-11-24 21:58:40"
"35441","9","12","1","0","36.66","35.72","0.91","2018-11-24 21:58:40","2018-11-24 21:58:40"
"35442","6","11","1","0","41.05","42.07","1.10","2018-11-24 21:58:40","2018-11-24 21:58:40"
"35443","6","11","1","1","42.15","40.97","0.12","2018-11-24 21:58:40","2018-11-24 21:58:40"
"35444","1","10","3","2","45.40","41.87","0.65","2018-11-24 21:58:40","2018-11-24 21:58:40"
"35445","1","2","2","2","46.05","44.07","0.20","2018-11-24 21:58:40","2018-11-24 21:58:40"
"35446","8","4","2","1","39.22","43.14","1.39","2018-11-24 21:58:40","2018-11-24 21:58:40"
"35447","8","4","1","0","40.61","41.75","1.11","2018-11-24 21:58:40","2018-11-24 21:58:40"
"35448","8","4","3","2","41.72","40.64","0.89","2018-11-24 21:58:40","2018-11-24 21:58:40"
"35449","1","11","4","2","45.85","41.09","0.52","2018-11-24 21:58:40","2018-11-24 21:58:40"
"35450","1","2","5","2","46.37","44.27","1.19","2018-11-24 21:58:40","2018-11-24 21:58:40"
"35451","1","11","2","1","47.55","40.57","0.30","2018-11-24 21:58:40","2018-11-24 21:58:40"
"35452","1","9","4","0","47.85","37.57","0.00","2018-11-24 21:58:40","2018-11-24 21:58:40"
"35453","1","2","4","2","47.85","43.09","0.52","2018-11-24 21:58:40","2018-11-24 21:58:40"
"35454","1","6","5","2","48.37","42.03","0.55","2018-11-24 21:58:40","2018-11-24 21:58:40"
"35455","1","10","2","0","48.92","41.22","0.23","2018-11-24 21:58:40","2018-11-24 21:58:40"
"35456","11","10","2","1","40.27","40.99","1.07","2018-11-24 21:58:40","2018-11-24 21:58:40"
"35457","1","11","3","1","49.15","41.34","0.22","2018-11-24 21:58:40","2018-11-24 21:58:40"
"35458","1","6","4","5","49.37","41.48","1.79","2018-11-24 21:58:40","2018-11-24 21:58:40"
"35459","4","6","2","1","39.75","43.27","1.35","2018-11-24 21:58:40","2018-11-24 21:58:40"
"35460","1","4","1","2","47.58","41.10","1.65","2018-11-24 21:58:40","2018-11-24 21:58:40"
"35461","10","4","5","3","39.92","42.75","1.28","2018-11-24 21:58:40","2018-11-24 21:58:40"
"35462","10","4","1","2","41.20","41.47","0.97","2018-11-24 21:58:40","2018-11-24 21:58:40"
"35463","9","12","2","3","37.57","34.81","1.28","2018-11-24 21:58:40","2018-11-24 21:58:40"
"35464","9","12","0","2","36.29","36.09","1.02","2018-11-24 21:58:40","2018-11-24 21:58:40"
"35465","1","5","0","1","45.93","36.77","1.92","2018-11-24 21:58:40","2018-11-24 21:58:40"
"35466","10","5","3","2","40.23","38.69","0.85","2018-11-24 21:58:40","2018-11-24 21:58:40"
"35467","1","5","3","2","44.01","37.84","0.38","2018-11-24 21:58:40","2018-11-24 21:58:40"
"35468","1","5","1","0","44.39","37.46","0.31","2018-11-24 21:58:40","2018-11-24 21:58:40"
"35469","5","9","5","4","37.15","35.27","0.81","2018-11-24 21:58:40","2018-11-24 21:58:40"
"35470","5","12","4","1","37.96","37.11","1.37","2018-11-24 21:58:40","2018-11-24 21:58:40"
"35471","5","9","2","4","39.33","34.46","1.49","2018-11-24 21:58:40","2018-11-24 21:58:40"
"35472","9","10","2","3","35.95","41.08","0.49","2018-11-24 21:58:40","2018-11-24 21:58:40"
"35473","6","10","1","0","41.92","41.57","0.97","2018-11-24 21:58:40","2018-11-24 21:58:40"
"35474","6","10","3","1","42.89","40.61","0.77","2018-11-24 21:58:40","2018-11-24 21:58:40"
"35475","11","15","4","0","41.12","37.81","1.00","2018-11-24 21:58:40","2018-11-24 21:58:40"
"35476","1","11","1","3","44.70","42.12","1.26","2018-11-24 21:58:40","2018-11-24 21:58:40"
"35477","11","12","2","1","43.38","35.74","0.24","2018-11-24 21:58:40","2018-11-24 21:58:40"
"35478","1","11","3","2","43.44","43.62","1.02","2018-11-24 21:58:40","2018-11-24 21:58:40"
"35479","1","12","3","0","44.46","35.50","0.16","2018-11-24 21:58:40","2018-11-24 21:58:40"
"35480","12","9","4","4","35.34","35.46","0.01","2018-11-24 21:58:40","2018-11-24 21:58:40"
"35481","1","11","5","0","44.62","42.60","1.20","2018-11-24 21:58:40","2018-11-24 21:58:40"
"35482","10","9","3","1","39.84","35.45","0.56","2018-11-24 21:58:40","2018-11-24 21:58:40"
"35483","10","6","3","0","40.40","43.66","1.99","2018-11-24 21:58:40","2018-11-24 21:58:40"
"35484","1","6","2","1","45.82","41.67","0.59","2018-11-24 21:58:40","2018-11-24 21:58:40"
"35485","1","4","1","0","46.41","42.44","0.60","2018-11-24 21:58:40","2018-11-24 21:58:40"
"35486","1","8","3","2","47.01","42.61","0.56","2018-11-24 21:58:40","2018-11-24 21:58:40"
"35487","1","4","3","1","47.57","41.84","0.43","2018-11-24 21:58:40","2018-11-24 21:58:40"
"35488","1","6","5","2","48.00","41.09","0.46","2018-11-24 21:58:40","2018-11-24 21:58:40"
"35489","10","6","2","0","42.39","40.63","0.82","2018-11-24 21:58:41","2018-11-24 21:58:41"
"35490","10","5","1","0","43.21","37.84","0.46","2018-11-24 21:58:41","2018-11-24 21:58:41"
"35491","10","5","2","0","43.67","37.38","0.37","2018-11-24 21:58:41","2018-11-24 21:58:41"
"35492","10","8","1","1","44.04","42.05","0.20","2018-11-24 21:58:41","2018-11-24 21:58:41"
"35493","10","8","4","1","43.84","42.25","1.26","2018-11-24 21:58:41","2018-11-24 21:58:41"
"35494","1","4","4","2","48.46","41.41","0.30","2018-11-24 21:58:41","2018-11-24 21:58:41"
"35495","10","3","1","2","45.10","40.52","1.46","2018-11-24 21:58:41","2018-11-24 21:58:41"
"35496","10","3","2","0","43.64","41.98","0.83","2018-11-24 21:58:41","2018-11-24 21:58:41"
"35497","10","3","4","1","44.47","41.15","1.00","2018-11-24 21:58:41","2018-11-24 21:58:41"
"35498","15","11","1","2","36.81","41.40","0.54","2018-11-24 21:58:41","2018-11-24 21:58:41"
"35499","11","10","2","1","41.94","45.47","1.35","2018-11-24 21:58:41","2018-11-24 21:58:41"
"35500","6","11","1","0","39.81","43.29","1.35","2018-11-24 21:58:41","2018-11-24 21:58:41"
"35501","9","10","2","1","34.89","44.12","1.92","2018-11-24 21:58:41","2018-11-24 21:58:41"
"35502","17","9","2","1","37.34","36.81","0.95","2018-11-24 21:58:41","2018-11-24 21:58:41"
"35503","6","3","1","1","41.16","40.15","0.10","2018-11-24 21:58:41","2018-11-24 21:58:41"
"35504","6","11","4","1","41.06","41.94","1.63","2018-11-24 21:58:41","2018-11-24 21:58:41"
"35505","6","11","3","1","42.69","40.31","0.76","2018-11-24 21:58:41","2018-11-24 21:58:41"
"35506","4","6","3","2","41.11","43.45","1.23","2018-11-24 21:58:41","2018-11-24 21:58:41"
"35507","12","9","2","0","35.35","35.86","1.05","2018-11-24 21:58:41","2018-11-24 21:58:41"
"35508","1","12","0","3","48.76","36.40","3.00","2018-11-24 21:58:41","2018-11-24 21:58:41"
"35509","1","9","2","2","45.76","34.81","1.00","2018-11-24 21:58:41","2018-11-24 21:58:41"
"35510","1","11","3","1","44.76","39.55","0.48","2018-11-24 21:58:41","2018-11-24 21:58:41"
"35511","1","10","4","2","45.24","42.20","0.70","2018-11-24 21:58:41","2018-11-24 21:58:41"
"35512","1","11","3","1","45.94","39.07","0.31","2018-11-24 21:58:41","2018-11-24 21:58:41"
"35513","10","12","1","1","41.50","39.40","0.21","2018-11-24 21:58:41","2018-11-24 21:58:41"
"35514","6","10","7","4","42.22","41.29","1.36","2018-11-24 21:58:41","2018-11-24 21:58:41"
"35515","6","11","3","2","43.58","38.76","0.52","2018-11-24 21:58:41","2018-11-24 21:58:41"
"35516","6","11","4","1","44.10","38.24","0.62","2018-11-24 21:58:41","2018-11-24 21:58:41"
"35517","11","12","3","0","37.62","39.61","1.80","2018-11-24 21:58:41","2018-11-24 21:58:41"
"35518","12","17","1","0","37.81","38.29","1.05","2018-11-24 21:58:41","2018-11-24 21:58:41"
"35519","1","11","3","1","46.25","39.42","0.32","2018-11-24 21:58:41","2018-11-24 21:58:41"
"35520","1","3","2","0","46.57","40.25","0.37","2018-11-24 21:58:41","2018-11-24 21:58:41"
"35521","1","4","0","1","46.94","42.34","1.46","2018-11-24 21:58:41","2018-11-24 21:58:41"
"35522","1","4","2","1","45.48","43.80","0.83","2018-11-24 21:58:41","2018-11-24 21:58:41"
"35523","1","4","2","2","46.31","42.97","0.33","2018-11-24 21:58:41","2018-11-24 21:58:41"
"35524","10","1","3","2","39.93","45.98","1.60","2018-11-24 21:58:41","2018-11-24 21:58:41"
"35525","10","11","3","2","41.53","39.10","0.76","2018-11-24 21:58:41","2018-11-24 21:58:41"
"35526","1","10","4","1","44.38","42.29","1.19","2018-11-24 21:58:41","2018-11-24 21:58:41"
"35527","10","11","3","2","41.10","38.34","0.72","2018-11-24 21:58:41","2018-11-24 21:58:41"
"35528","15","10","2","0","36.27","41.82","1.55","2018-11-24 21:58:41","2018-11-24 21:58:41"
"35529","15","10","2","1","37.83","40.27","1.24","2018-11-24 21:58:41","2018-11-24 21:58:41"
"35530","10","15","3","0","39.03","39.07","1.51","2018-11-24 21:58:41","2018-11-24 21:58:41"
"35531","10","11","2","1","40.54","37.62","0.71","2018-11-24 21:58:41","2018-11-24 21:58:41"
"35532","11","13","2","0","36.91","38.14","1.12","2018-11-24 21:58:41","2018-11-24 21:58:41"
"35533","15","12","2","1","37.56","38.86","1.13","2018-11-24 21:58:41","2018-11-24 21:58:41"
"35534","12","15","2","1","37.73","38.69","1.10","2018-11-24 21:58:41","2018-11-24 21:58:41"
"35535","1","12","2","1","45.57","38.83","0.33","2018-11-24 21:58:41","2018-11-24 21:58:41"
"35536","1","12","1","2","45.90","38.50","1.74","2018-11-24 21:58:41","2018-11-24 21:58:41"
"35537","6","11","4","0","44.72","38.03","0.50","2018-11-24 21:58:41","2018-11-24 21:58:41"
"35538","8","6","2","1","40.99","45.22","1.42","2018-11-24 21:58:41","2018-11-24 21:58:41"
"35539","1","12","1","2","44.16","40.24","1.39","2018-11-24 21:58:41","2018-11-24 21:58:41"
"35540","10","12","3","1","41.25","41.63","1.04","2018-11-24 21:58:41","2018-11-24 21:58:41"
"35541","10","1","3","1","42.29","42.77","1.05","2018-11-24 21:58:41","2018-11-24 21:58:41"
"35542","1","10","1","0","41.72","43.34","1.16","2018-11-24 21:58:41","2018-11-24 21:58:41"
"35543","1","5","7","1","42.88","37.01","0.62","2018-11-24 21:58:41","2018-11-24 21:58:41"
"35544","1","10","3","1","43.50","42.18","0.87","2018-11-24 21:58:41","2018-11-24 21:58:41"
"35545","1","4","4","0","44.37","43.30","1.34","2018-11-24 21:58:41","2018-11-24 21:58:41"
"35546","1","4","2","2","45.71","41.96","0.38","2018-11-24 21:58:41","2018-11-24 21:58:41"
"35547","4","6","1","0","42.34","43.80","1.15","2018-11-24 21:58:41","2018-11-24 21:58:41"
"35548","4","6","2","1","43.49","42.65","0.92","2018-11-24 21:58:41","2018-11-24 21:58:41"
"35549","4","8","3","2","44.41","42.41","0.80","2018-11-24 21:58:41","2018-11-24 21:58:41"
"35550","8","4","3","1","41.61","45.21","1.36","2018-11-24 21:58:41","2018-11-24 21:58:41"
"35551","8","4","3","1","42.97","43.85","1.09","2018-11-24 21:58:41","2018-11-24 21:58:41"
"35552","12","9","0","1","40.59","35.81","1.48","2018-11-24 21:58:41","2018-11-24 21:58:41"
"35553","9","15","1","1","37.29","37.59","0.03","2018-11-24 21:58:41","2018-11-24 21:58:41"
"35554","1","6","2","5","45.34","41.73","2.04","2018-11-24 21:58:41","2018-11-24 21:58:41"
"35555","6","8","4","0","43.77","44.06","1.54","2018-11-24 21:58:41","2018-11-24 21:58:41"
"35556","4","6","3","2","42.76","45.31","1.26","2018-11-24 21:58:41","2018-11-24 21:58:41"
"35557","10","4","3","0","41.31","44.02","1.91","2018-11-24 21:58:41","2018-11-24 21:58:41"
"35558","10","13","4","2","43.22","37.02","0.38","2018-11-24 21:58:41","2018-11-24 21:58:41"
"35559","10","13","1","0","43.60","36.64","0.30","2018-11-24 21:58:41","2018-11-24 21:58:41"
"35560","11","5","1","2","37.53","36.39","1.11","2018-11-24 21:58:41","2018-11-24 21:58:41"
"35561","5","11","1","2","37.50","36.42","1.11","2018-11-24 21:58:41","2018-11-24 21:58:41"
"35562","5","11","1","2","36.39","37.53","0.89","2018-11-24 21:58:41","2018-11-24 21:58:41"
"35563","2","11","3","3","42.57","38.42","0.41","2018-11-24 21:58:41","2018-11-24 21:58:41"
"35564","11","13","3","0","38.84","36.34","1.12","2018-11-24 21:58:41","2018-11-24 21:58:41"
"35565","1","11","4","2","43.30","39.97","0.67","2018-11-24 21:58:41","2018-11-24 21:58:41"
"35566","1","10","4","2","43.97","43.90","0.99","2018-11-24 21:58:41","2018-11-24 21:58:41"
"35567","10","1","4","3","42.91","44.96","1.20","2018-11-24 21:58:41","2018-11-24 21:58:41"
"35568","6","1","2","2","44.05","43.76","0.03","2018-11-24 21:58:41","2018-11-24 21:58:41"
"35569","6","10","2","1","44.02","44.11","1.01","2018-11-24 21:58:41","2018-11-24 21:58:41"
"35570","6","8","3","1","45.03","42.52","0.75","2018-11-24 21:58:41","2018-11-24 21:58:41"
"35571","6","8","3","3","45.78","41.77","0.40","2018-11-24 21:58:41","2018-11-24 21:58:41"
"35572","5","6","0","4","35.50","45.38","0.02","2018-11-24 21:58:41","2018-11-24 21:58:41"
"35573","10","6","3","1","43.10","45.40","1.23","2018-11-24 21:58:41","2018-11-24 21:58:41"
"35574","10","3","4","1","44.33","39.88","0.83","2018-11-24 21:58:41","2018-11-24 21:58:41"
"35575","10","3","4","3","45.16","39.05","0.39","2018-11-24 21:58:41","2018-11-24 21:58:41"
"35576","10","6","4","1","45.55","44.17","1.29","2018-11-24 21:58:41","2018-11-24 21:58:41"
"35577","6","10","2","0","42.88","46.84","1.40","2018-11-24 21:58:41","2018-11-24 21:58:41"
"35578","10","17","3","1","45.44","37.24","0.18","2018-11-24 21:58:41","2018-11-24 21:58:41"
"35579","10","6","3","1","45.62","44.28","0.87","2018-11-24 21:58:41","2018-11-24 21:58:41"
"35580","10","8","2","0","46.49","42.17","0.57","2018-11-24 21:58:41","2018-11-24 21:58:41"
"35581","10","6","2","1","47.06","43.41","0.63","2018-11-24 21:58:41","2018-11-24 21:58:41"
"35582","10","11","4","4","47.70","39.30","0.84","2018-11-24 21:58:41","2018-11-24 21:58:41"
"35583","10","17","4","1","46.86","37.06","0.03","2018-11-24 21:58:41","2018-11-24 21:58:41"
"35584","10","12","3","0","46.89","39.11","0.33","2018-11-24 21:58:41","2018-11-24 21:58:41"
"35585","10","11","4","2","47.22","40.14","0.29","2018-11-24 21:58:41","2018-11-24 21:58:41"
"35586","10","12","3","3","47.51","38.78","0.87","2018-11-24 21:58:41","2018-11-24 21:58:41"
"35587","11","12","2","0","39.85","39.65","0.98","2018-11-24 21:58:41","2018-11-24 21:58:41"
"35588","3","12","3","3","38.66","38.67","0.00","2018-11-24 21:58:41","2018-11-24 21:58:41"
"35589","10","12","2","1","46.64","38.67","0.20","2018-11-24 21:58:41","2018-11-24 21:58:41"
"35590","10","12","2","1","46.84","38.47","0.16","2018-11-24 21:58:41","2018-11-24 21:58:41"
"35591","12","17","2","0","38.31","37.03","0.87","2018-11-24 21:58:41","2018-11-24 21:58:41"
"35592","11","15","1","1","40.83","37.56","0.33","2018-11-24 21:58:41","2018-11-24 21:58:41"
"35593","11","17","1","2","40.50","36.16","1.43","2018-11-24 21:58:41","2018-11-24 21:58:41"
"35594","17","11","2","1","37.59","39.07","1.15","2018-11-24 21:58:41","2018-11-24 21:58:41"
"35595","10","17","2","0","47.00","38.74","0.17","2018-11-24 21:58:41","2018-11-24 21:58:41"
"35596","10","5","5","3","47.17","35.48","0.00","2018-11-24 21:58:41","2018-11-24 21:58:41"
"35597","6","17","3","1","42.77","38.57","0.58","2018-11-24 21:58:41","2018-11-24 21:58:41"
"35598","10","11","0","2","47.17","37.92","1.92","2018-11-24 21:58:41","2018-11-24 21:58:41"
"35599","10","11","2","4","45.25","39.84","1.54","2018-11-24 21:58:41","2018-11-24 21:58:41"
"35600","10","11","4","3","43.71","41.38","0.77","2018-11-24 21:58:41","2018-11-24 21:58:41"
"35601","10","11","1","2","44.48","40.61","1.39","2018-11-24 21:58:41","2018-11-24 21:58:41"
"35602","11","13","4","0","42.00","35.22","0.48","2018-11-24 21:58:41","2018-11-24 21:58:41"
"35603","10","11","2","1","43.09","42.48","0.94","2018-11-24 21:58:41","2018-11-24 21:58:41"
"35604","10","12","4","1","44.03","39.18","0.77","2018-11-24 21:58:41","2018-11-24 21:58:41"
"35605","10","12","2","0","44.80","38.41","0.36","2018-11-24 21:58:41","2018-11-24 21:58:41"
"35606","10","12","4","0","45.16","38.05","0.43","2018-11-24 21:58:41","2018-11-24 21:58:41"
"35607","12","15","2","4","37.62","37.89","0.97","2018-11-24 21:58:41","2018-11-24 21:58:41"
"35608","1","10","4","1","43.79","45.59","1.77","2018-11-24 21:58:41","2018-11-24 21:58:41"
"35609","1","10","0","1","45.56","43.82","1.17","2018-11-24 21:58:41","2018-11-24 21:58:41"
"35610","1","10","2","0","44.39","44.99","1.06","2018-11-24 21:58:41","2018-11-24 21:58:41"
"35611","1","11","0","2","45.45","41.54","1.39","2018-11-24 21:58:41","2018-11-24 21:58:41"
"35612","10","11","3","3","43.93","42.93","0.10","2018-11-24 21:58:41","2018-11-24 21:58:41"
"35613","10","11","1","3","43.83","43.03","1.08","2018-11-24 21:58:41","2018-11-24 21:58:41"
"35614","10","11","3","1","42.75","44.11","1.14","2018-11-24 21:58:41","2018-11-24 21:58:41"
"35615","5","10","0","4","35.48","43.89","0.24","2018-11-24 21:58:41","2018-11-24 21:58:41"
"35616","10","6","3","0","44.13","43.35","1.38","2018-11-24 21:58:41","2018-11-24 21:58:41"
"35617","6","8","4","3","41.97","41.60","0.96","2018-11-24 21:58:41","2018-11-24 21:58:41"
"35618","6","5","6","3","42.93","35.24","0.35","2018-11-24 21:58:41","2018-11-24 21:58:41"
"35619","6","11","2","1","43.28","42.97","0.97","2018-11-24 21:58:41","2018-11-24 21:58:41"
"35620","3","11","2","1","38.66","42.00","1.33","2018-11-24 21:58:41","2018-11-24 21:58:41"
"35621","6","12","3","0","44.25","36.65","0.36","2018-11-24 21:58:41","2018-11-24 21:58:41"
"35622","6","3","2","2","44.61","39.99","0.46","2018-11-24 21:58:41","2018-11-24 21:58:41"
"35623","1","6","2","3","44.06","44.15","0.99","2018-11-24 21:58:41","2018-11-24 21:58:41"
"35624","6","10","2","3","45.14","45.51","0.96","2018-11-24 21:58:41","2018-11-24 21:58:41"
"35625","1","10","3","2","43.07","46.47","1.34","2018-11-24 21:58:41","2018-11-24 21:58:41"
"35626","1","6","1","2","44.41","44.18","1.02","2018-11-24 21:58:41","2018-11-24 21:58:41"
"35627","1","2","2","0","43.39","42.16","0.88","2018-11-24 21:58:41","2018-11-24 21:58:41"
"35628","1","2","2","3","44.27","41.28","1.30","2018-11-24 21:58:41","2018-11-24 21:58:41"
"35629","10","3","2","1","45.13","40.45","0.53","2018-11-24 21:58:41","2018-11-24 21:58:41"
"35630","2","10","2","1","42.58","45.66","1.31","2018-11-24 21:58:41","2018-11-24 21:58:41"
"35631","2","12","2","1","43.89","36.29","0.24","2018-11-24 21:58:41","2018-11-24 21:58:41"
"35632","12","17","2","4","36.05","37.99","0.81","2018-11-24 21:58:41","2018-11-24 21:58:41"
"35633","2","17","0","2","44.13","38.80","1.53","2018-11-24 21:58:41","2018-11-24 21:58:41"
"35634","3","17","3","1","39.92","40.33","1.04","2018-11-24 21:58:41","2018-11-24 21:58:41"
"35635","3","11","1","0","40.96","40.67","0.97","2018-11-24 21:58:41","2018-11-24 21:58:41"
"35636","9","19","0","1","37.32","40.00","0.73","2018-11-24 21:58:41","2018-11-24 21:58:41"
"35637","1","10","2","4","42.97","44.35","0.86","2018-11-24 21:58:42","2018-11-24 21:58:42"
"35638","10","11","2","1","45.21","39.70","0.45","2018-11-24 21:58:42","2018-11-24 21:58:42"
"35639","6","10","3","3","45.20","45.66","0.05","2018-11-24 21:58:42","2018-11-24 21:58:42"
"35640","6","1","2","2","45.25","42.11","0.31","2018-11-24 21:58:42","2018-11-24 21:58:42"
"35641","3","1","2","2","41.93","42.42","0.05","2018-11-24 21:58:42","2018-11-24 21:58:42"
"35642","1","3","3","1","42.37","41.98","0.96","2018-11-24 21:58:42","2018-11-24 21:58:42"
"35643","1","4","2","1","43.33","42.11","0.88","2018-11-24 21:58:42","2018-11-24 21:58:42"
"35644","1","4","3","4","44.21","41.23","1.30","2018-11-24 21:58:42","2018-11-24 21:58:42"
"35645","1","4","2","2","42.91","42.53","0.04","2018-11-24 21:58:42","2018-11-24 21:58:42"
"35646","3","15","3","2","41.02","38.86","0.78","2018-11-24 21:58:42","2018-11-24 21:58:42"
"35647","1","6","2","1","42.87","44.94","1.21","2018-11-24 21:58:42","2018-11-24 21:58:42"
"35648","1","6","2","0","44.08","43.73","0.97","2018-11-24 21:58:42","2018-11-24 21:58:42"
"35649","1","4","2","1","45.05","42.57","0.75","2018-11-24 21:58:42","2018-11-24 21:58:42"
"35650","8","1","1","0","40.64","45.80","1.52","2018-11-24 21:58:42","2018-11-24 21:58:42"
"35651","8","3","1","0","42.16","41.80","0.96","2018-11-24 21:58:42","2018-11-24 21:58:42"
"35652","8","6","1","1","43.12","42.77","0.03","2018-11-24 21:58:42","2018-11-24 21:58:42"
"35653","8","4","2","0","43.09","41.82","0.87","2018-11-24 21:58:42","2018-11-24 21:58:42"
"35654","4","8","1","0","40.95","43.96","1.30","2018-11-24 21:58:42","2018-11-24 21:58:42"
"35655","4","8","5","0","42.25","42.66","1.56","2018-11-24 21:58:42","2018-11-24 21:58:42"
"35656","1","19","3","0","44.28","40.73","0.97","2018-11-24 21:58:42","2018-11-24 21:58:42"
"35657","1","19","1","0","45.25","39.76","0.45","2018-11-24 21:58:42","2018-11-24 21:58:42"
"35658","1","4","3","1","45.70","43.81","0.81","2018-11-24 21:58:42","2018-11-24 21:58:42"
"35659","1","19","4","3","46.51","39.31","0.28","2018-11-24 21:58:42","2018-11-24 21:58:42"
"35660","1","4","2","1","46.79","43.00","0.62","2018-11-24 21:58:42","2018-11-24 21:58:42"
"35661","19","8","1","1","39.03","41.10","0.21","2018-11-24 21:58:42","2018-11-24 21:58:42"
"35662","4","8","4","1","42.38","40.89","1.28","2018-11-24 21:58:42","2018-11-24 21:58:42"
"35663","8","4","1","1","39.61","43.66","0.41","2018-11-24 21:58:42","2018-11-24 21:58:42"
"35664","8","4","3","0","40.02","43.25","1.98","2018-11-24 21:58:42","2018-11-24 21:58:42"
"35665","8","4","1","0","42.00","41.27","0.93","2018-11-24 21:58:42","2018-11-24 21:58:42"
"35666","2","17","2","1","42.60","39.29","0.67","2018-11-24 21:58:42","2018-11-24 21:58:42"
"35667","2","17","1","0","43.27","38.62","0.53","2018-11-24 21:58:42","2018-11-24 21:58:42"
"35668","2","17","1","2","43.80","38.09","1.57","2018-11-24 21:58:42","2018-11-24 21:58:42"
"35669","5","2","2","2","34.89","42.23","0.73","2018-11-24 21:58:42","2018-11-24 21:58:42"
"35670","5","2","3","0","35.62","41.50","2.38","2018-11-24 21:58:42","2018-11-24 21:58:42"
"35671","5","2","2","0","38.00","39.12","1.11","2018-11-24 21:58:42","2018-11-24 21:58:42"
"35672","2","5","0","0","38.01","39.11","0.11","2018-11-24 21:58:42","2018-11-24 21:58:42"
"35673","12","2","4","1","35.24","38.12","1.93","2018-11-24 21:58:42","2018-11-24 21:58:42"
"35674","3","12","3","1","40.84","37.17","0.63","2018-11-24 21:58:42","2018-11-24 21:58:42"
"35675","1","4","2","1","47.41","40.34","0.29","2018-11-24 21:58:42","2018-11-24 21:58:42"
"35676","1","11","2","1","47.70","39.25","0.16","2018-11-24 21:58:42","2018-11-24 21:58:42"
"35677","1","10","1","4","47.86","45.61","1.84","2018-11-24 21:58:42","2018-11-24 21:58:42"
"35678","2","10","1","0","36.19","47.45","2.00","2018-11-24 21:58:42","2018-11-24 21:58:42"
"35679","2","19","4","0","38.19","39.24","1.66","2018-11-24 21:58:42","2018-11-24 21:58:42"
"35680","6","19","2","0","42.80","37.58","0.48","2018-11-24 21:58:42","2018-11-24 21:58:42"
"35681","6","19","1","5","43.28","37.10","2.43","2018-11-24 21:58:42","2018-11-24 21:58:42"
"35682","11","13","1","2","39.09","34.74","1.44","2018-11-24 21:58:42","2018-11-24 21:58:42"
"35683","2","3","2","0","39.85","41.47","1.16","2018-11-24 21:58:42","2018-11-24 21:58:42"
"35684","2","4","1","0","41.01","40.05","0.90","2018-11-24 21:58:42","2018-11-24 21:58:42"
"35685","2","5","1","0","41.91","39.00","0.71","2018-11-24 21:58:42","2018-11-24 21:58:42"
"35686","2","3","3","2","42.62","40.31","0.77","2018-11-24 21:58:42","2018-11-24 21:58:42"
"35687","2","4","1","1","43.39","39.15","0.42","2018-11-24 21:58:42","2018-11-24 21:58:42"
"35688","2","4","0","1","42.97","39.57","1.34","2018-11-24 21:58:42","2018-11-24 21:58:42"
"35689","4","5","3","1","40.91","38.29","0.74","2018-11-24 21:58:42","2018-11-24 21:58:42"
"35690","3","4","5","3","39.54","41.65","1.21","2018-11-24 21:58:42","2018-11-24 21:58:42"
"35691","8","3","2","3","42.93","40.75","1.22","2018-11-24 21:58:42","2018-11-24 21:58:42"
"35692","8","3","2","4","41.71","41.97","0.97","2018-11-24 21:58:42","2018-11-24 21:58:42"
"35693","1","2","3","2","46.02","41.63","0.56","2018-11-24 21:58:49","2018-11-24 21:58:49"
"35694","1","2","0","0","46.58","41.07","0.55","2018-11-24 21:59:02","2018-11-24 21:59:02"
"35695","4","8","1","0","40.44","40.74","1.03","2018-11-25 01:34:04","2018-11-25 01:34:04"
"35696","4","5","3","0","41.47","37.55","0.91","2018-11-25 01:52:07","2018-11-25 01:52:07"
"35697","4","8","1","0","42.38","39.71","0.73","2018-11-25 02:07:54","2018-11-25 02:07:54"
"35698","5","4","2","2","36.64","43.11","0.65","2018-11-25 02:42:58","2018-11-25 02:42:58"
"35699","4","8","1","0","42.46","38.98","0.65","2018-11-25 02:48:06","2018-11-25 02:48:06"
"35700","4","8","4","0","43.11","38.33","0.78","2018-11-25 02:48:08","2018-11-25 02:48:08"
"35701","6","8","3","1","40.85","37.55","0.67","2018-11-25 17:59:33","2018-11-25 17:59:33"
"35702","6","1","1","0","41.52","46.03","1.45","2018-11-26 14:31:51","2018-11-26 14:31:51"
"35703","1","6","3","4","44.58","42.97","1.16","2018-11-26 14:37:51","2018-11-26 14:37:51"
"35704","1","2","0","0","43.42","41.62","0.18","2018-11-26 15:38:10","2018-11-26 15:38:10"
"35705","1","2","3","1","43.24","41.80","0.86","2018-11-26 15:50:07","2018-11-26 15:50:07"
"35706","1","2","1","4","44.10","40.94","1.97","2018-11-26 16:02:49","2018-11-26 16:02:49"
"35707","2","17","4","0","42.91","39.66","1.01","2018-11-26 16:12:16","2018-11-26 16:12:16"
"35708","2","17","2","1","43.92","38.65","0.47","2018-11-26 16:26:55","2018-11-26 16:26:55"
